_id,FK_STANDORT,DATUM,VELO_IN,VELO_OUT,FUSS_IN,FUSS_OUT,OST,NORD
1,4267,2024-01-01T00:00,0,,,,2683457,1247065
2,4270,2024-01-01T00:00,0,1,,,2684006,1246566
3,2989,2024-01-01T00:00,3,2,,,2682278,1248324
4,5002,2024-01-01T00:00,0,2,,,2682873,1245891
5,4262,2024-01-01T00:00,2,1,,,2682731,1247708
6,4242,2024-01-01T00:00,2,0,,,2682337,1248451
7,2991,2024-01-01T00:00,9,6,,,2682756,1247323
8,4259,2024-01-01T00:00,0,0,,,2682375,1247055
9,3003,2024-01-01T00:00,0,0,,,2679767,1248986
10,4255,2024-01-01T00:00,0,0,,,2682881,1246549
11,3279,2024-01-01T00:00,,,57,75,2683437,1247199
12,1037,2024-01-01T00:00,0,0,,,2681339,1248647
13,3015,2024-01-01T00:00,,,34,27,2683023,1244140
14,3012,2024-01-01T00:00,0,2,,,2682647,1250364
15,732,2024-01-01T00:00,0,0,,,2681319,1248665
16,4266,2024-01-01T00:00,0,0,,,2681301,1247665
17,4249,2024-01-01T00:00,1,1,,,2682296,1248311
18,2986,2024-01-01T00:00,0,0,,,2684578,1251966
19,4269,2024-01-01T00:00,0,0,,,2682227,1244618
20,4263,2024-01-01T00:00,0,0,,,2683404,1251624
21,2997,2024-01-01T00:00,1,0,,,2682933,1248821
22,4257,2024-01-01T00:00,0,0,,,2681857,1251991
23,4246,2024-01-01T00:00,,,2,0,2682147,1249212
24,4258,2024-01-01T00:00,3,,,,2682683,1250569
25,2982,2024-01-01T00:00,0,,,,2683447,1247063
26,4241,2024-01-01T00:00,3,0,,,2682297,1248328
27,2993,2024-01-01T00:00,1,0,,,2683573,1248545
28,4270,2024-01-01T00:15,0,0,,,2684006,1246566
29,4267,2024-01-01T00:15,0,,,,2683457,1247065
30,4266,2024-01-01T00:15,1,2,,,2681301,1247665
31,4262,2024-01-01T00:15,0,4,,,2682731,1247708
32,4249,2024-01-01T00:15,6,0,,,2682296,1248311
33,4255,2024-01-01T00:15,0,0,,,2682881,1246549
34,2986,2024-01-01T00:15,0,0,,,2684578,1251966
35,2991,2024-01-01T00:15,5,9,,,2682756,1247323
36,4269,2024-01-01T00:15,1,0,,,2682227,1244618
37,5002,2024-01-01T00:15,0,0,,,2682873,1245891
38,4263,2024-01-01T00:15,0,0,,,2683404,1251624
39,1037,2024-01-01T00:15,5,2,,,2681339,1248647
40,2997,2024-01-01T00:15,0,0,,,2682933,1248821
41,4259,2024-01-01T00:15,0,1,,,2682375,1247055
42,4257,2024-01-01T00:15,0,0,,,2681857,1251991
43,3015,2024-01-01T00:15,,,45,16,2683023,1244140
44,4246,2024-01-01T00:15,,,2,1,2682147,1249212
45,4242,2024-01-01T00:15,0,0,,,2682337,1248451
46,4258,2024-01-01T00:15,1,,,,2682683,1250569
47,3012,2024-01-01T00:15,1,0,,,2682647,1250364
48,2982,2024-01-01T00:15,0,,,,2683447,1247063
49,3279,2024-01-01T00:15,,,40,50,2683437,1247199
50,4241,2024-01-01T00:15,3,0,,,2682297,1248328
51,732,2024-01-01T00:15,1,1,,,2681319,1248665
52,2993,2024-01-01T00:15,1,1,,,2683573,1248545
53,3003,2024-01-01T00:15,0,1,,,2679767,1248986
54,2989,2024-01-01T00:15,1,0,,,2682278,1248324
55,4267,2024-01-01T00:30,5,,,,2683457,1247065
56,2993,2024-01-01T00:30,1,1,,,2683573,1248545
57,4241,2024-01-01T00:30,1,0,,,2682297,1248328
58,2982,2024-01-01T00:30,0,,,,2683447,1247063
59,4258,2024-01-01T00:30,1,,,,2682683,1250569
60,4246,2024-01-01T00:30,,,3,1,2682147,1249212
61,4257,2024-01-01T00:30,0,2,,,2681857,1251991
62,2997,2024-01-01T00:30,1,2,,,2682933,1248821
63,4263,2024-01-01T00:30,1,0,,,2683404,1251624
64,4269,2024-01-01T00:30,0,0,,,2682227,1244618
65,2986,2024-01-01T00:30,0,0,,,2684578,1251966
66,4249,2024-01-01T00:30,6,1,,,2682296,1248311
67,4266,2024-01-01T00:30,0,0,,,2681301,1247665
68,4270,2024-01-01T00:30,1,1,,,2684006,1246566
69,732,2024-01-01T00:30,1,2,,,2681319,1248665
70,3012,2024-01-01T00:30,1,0,,,2682647,1250364
71,3015,2024-01-01T00:30,,,23,62,2683023,1244140
72,1037,2024-01-01T00:30,4,2,,,2681339,1248647
73,4255,2024-01-01T00:30,0,0,,,2682881,1246549
74,3003,2024-01-01T00:30,0,0,,,2679767,1248986
75,3279,2024-01-01T00:30,,,113,16,2683437,1247199
76,4259,2024-01-01T00:30,0,0,,,2682375,1247055
77,2991,2024-01-01T00:30,3,5,,,2682756,1247323
78,4242,2024-01-01T00:30,6,0,,,2682337,1248451
79,4262,2024-01-01T00:30,0,0,,,2682731,1247708
80,5002,2024-01-01T00:30,0,0,,,2682873,1245891
81,2989,2024-01-01T00:30,5,2,,,2682278,1248324
82,4267,2024-01-01T00:45,2,,,,2683457,1247065
83,2989,2024-01-01T00:45,3,4,,,2682278,1248324
84,4241,2024-01-01T00:45,0,0,,,2682297,1248328
85,2982,2024-01-01T00:45,0,,,,2683447,1247063
86,4258,2024-01-01T00:45,5,,,,2682683,1250569
87,4246,2024-01-01T00:45,,,4,3,2682147,1249212
88,4257,2024-01-01T00:45,1,1,,,2681857,1251991
89,4263,2024-01-01T00:45,0,0,,,2683404,1251624
90,2997,2024-01-01T00:45,1,1,,,2682933,1248821
91,4269,2024-01-01T00:45,0,0,,,2682227,1244618
92,2986,2024-01-01T00:45,0,0,,,2684578,1251966
93,4249,2024-01-01T00:45,8,1,,,2682296,1248311
94,4266,2024-01-01T00:45,0,1,,,2681301,1247665
95,4270,2024-01-01T00:45,0,0,,,2684006,1246566
96,732,2024-01-01T00:45,0,2,,,2681319,1248665
97,3012,2024-01-01T00:45,2,0,,,2682647,1250364
98,3015,2024-01-01T00:45,,,24,35,2683023,1244140
99,1037,2024-01-01T00:45,11,1,,,2681339,1248647
100,4255,2024-01-01T00:45,0,0,,,2682881,1246549
101,3003,2024-01-01T00:45,1,0,,,2679767,1248986
102,3279,2024-01-01T00:45,,,264,38,2683437,1247199
103,4259,2024-01-01T00:45,5,0,,,2682375,1247055
104,2991,2024-01-01T00:45,6,4,,,2682756,1247323
105,4242,2024-01-01T00:45,0,0,,,2682337,1248451
106,4262,2024-01-01T00:45,1,0,,,2682731,1247708
107,5002,2024-01-01T00:45,0,0,,,2682873,1245891
108,2993,2024-01-01T00:45,2,0,,,2683573,1248545
109,4267,2024-01-01T01:00,1,,,,2683457,1247065
110,4270,2024-01-01T01:00,1,3,,,2684006,1246566
111,2989,2024-01-01T01:00,9,8,,,2682278,1248324
112,5002,2024-01-01T01:00,3,3,,,2682873,1245891
113,4262,2024-01-01T01:00,0,3,,,2682731,1247708
114,4242,2024-01-01T01:00,2,0,,,2682337,1248451
115,2991,2024-01-01T01:00,4,8,,,2682756,1247323
116,4259,2024-01-01T01:00,2,3,,,2682375,1247055
117,3279,2024-01-01T01:00,,,107,26,2683437,1247199
118,3003,2024-01-01T01:00,3,2,,,2679767,1248986
119,4255,2024-01-01T01:00,0,0,,,2682881,1246549
120,1037,2024-01-01T01:00,8,6,,,2681339,1248647
121,3015,2024-01-01T01:00,,,12,17,2683023,1244140
122,3012,2024-01-01T01:00,2,1,,,2682647,1250364
123,732,2024-01-01T01:00,1,0,,,2681319,1248665
124,4266,2024-01-01T01:00,5,1,,,2681301,1247665
125,4249,2024-01-01T01:00,6,3,,,2682296,1248311
126,2986,2024-01-01T01:00,2,0,,,2684578,1251966
127,4269,2024-01-01T01:00,0,0,,,2682227,1244618
128,2997,2024-01-01T01:00,0,2,,,2682933,1248821
129,4263,2024-01-01T01:00,0,0,,,2683404,1251624
130,4257,2024-01-01T01:00,0,1,,,2681857,1251991
131,4246,2024-01-01T01:00,,,3,2,2682147,1249212
132,4258,2024-01-01T01:00,0,,,,2682683,1250569
133,2982,2024-01-01T01:00,0,,,,2683447,1247063
134,4241,2024-01-01T01:00,6,0,,,2682297,1248328
135,2993,2024-01-01T01:00,0,1,,,2683573,1248545
136,4270,2024-01-01T01:15,1,0,,,2684006,1246566
137,4267,2024-01-01T01:15,5,,,,2683457,1247065
138,4266,2024-01-01T01:15,2,1,,,2681301,1247665
139,3003,2024-01-01T01:15,1,0,,,2679767,1248986
140,4249,2024-01-01T01:15,6,2,,,2682296,1248311
141,2991,2024-01-01T01:15,3,6,,,2682756,1247323
142,2986,2024-01-01T01:15,2,0,,,2684578,1251966
143,4255,2024-01-01T01:15,0,0,,,2682881,1246549
144,4269,2024-01-01T01:15,1,0,,,2682227,1244618
145,5002,2024-01-01T01:15,1,0,,,2682873,1245891
146,1037,2024-01-01T01:15,9,1,,,2681339,1248647
147,4263,2024-01-01T01:15,1,0,,,2683404,1251624
148,4259,2024-01-01T01:15,0,3,,,2682375,1247055
149,2997,2024-01-01T01:15,0,0,,,2682933,1248821
150,4257,2024-01-01T01:15,0,0,,,2681857,1251991
151,3015,2024-01-01T01:15,,,8,10,2683023,1244140
152,4246,2024-01-01T01:15,,,11,1,2682147,1249212
153,4242,2024-01-01T01:15,2,0,,,2682337,1248451
154,4258,2024-01-01T01:15,0,,,,2682683,1250569
155,3012,2024-01-01T01:15,2,1,,,2682647,1250364
156,2982,2024-01-01T01:15,0,,,,2683447,1247063
157,3279,2024-01-01T01:15,,,53,25,2683437,1247199
158,4241,2024-01-01T01:15,0,2,,,2682297,1248328
159,732,2024-01-01T01:15,0,0,,,2681319,1248665
160,2993,2024-01-01T01:15,0,2,,,2683573,1248545
161,4262,2024-01-01T01:15,0,0,,,2682731,1247708
162,2989,2024-01-01T01:15,6,6,,,2682278,1248324
163,4267,2024-01-01T01:30,1,,,,2683457,1247065
164,2993,2024-01-01T01:30,0,1,,,2683573,1248545
165,4241,2024-01-01T01:30,4,0,,,2682297,1248328
166,2982,2024-01-01T01:30,0,,,,2683447,1247063
167,4258,2024-01-01T01:30,1,,,,2682683,1250569
168,4246,2024-01-01T01:30,,,9,0,2682147,1249212
169,4257,2024-01-01T01:30,0,0,,,2681857,1251991
170,2997,2024-01-01T01:30,0,2,,,2682933,1248821
171,4263,2024-01-01T01:30,1,0,,,2683404,1251624
172,4269,2024-01-01T01:30,0,1,,,2682227,1244618
173,2986,2024-01-01T01:30,1,0,,,2684578,1251966
174,4266,2024-01-01T01:30,0,4,,,2681301,1247665
175,4249,2024-01-01T01:30,3,2,,,2682296,1248311
176,4270,2024-01-01T01:30,0,3,,,2684006,1246566
177,732,2024-01-01T01:30,0,2,,,2681319,1248665
178,3012,2024-01-01T01:30,0,0,,,2682647,1250364
179,3015,2024-01-01T01:30,,,2,0,2683023,1244140
180,1037,2024-01-01T01:30,6,0,,,2681339,1248647
181,4255,2024-01-01T01:30,0,0,,,2682881,1246549
182,3279,2024-01-01T01:30,,,28,32,2683437,1247199
183,4259,2024-01-01T01:30,0,3,,,2682375,1247055
184,3003,2024-01-01T01:30,1,0,,,2679767,1248986
185,2991,2024-01-01T01:30,5,8,,,2682756,1247323
186,4242,2024-01-01T01:30,3,0,,,2682337,1248451
187,4262,2024-01-01T01:30,1,1,,,2682731,1247708
188,5002,2024-01-01T01:30,3,4,,,2682873,1245891
189,2989,2024-01-01T01:30,5,7,,,2682278,1248324
190,4267,2024-01-01T01:45,6,,,,2683457,1247065
191,2989,2024-01-01T01:45,4,1,,,2682278,1248324
192,4241,2024-01-01T01:45,0,0,,,2682297,1248328
193,2982,2024-01-01T01:45,0,,,,2683447,1247063
194,4258,2024-01-01T01:45,2,,,,2682683,1250569
195,4246,2024-01-01T01:45,,,4,1,2682147,1249212
196,4257,2024-01-01T01:45,1,1,,,2681857,1251991
197,2997,2024-01-01T01:45,0,0,,,2682933,1248821
198,4263,2024-01-01T01:45,0,1,,,2683404,1251624
199,4269,2024-01-01T01:45,0,0,,,2682227,1244618
200,2986,2024-01-01T01:45,0,1,,,2684578,1251966
201,4266,2024-01-01T01:45,1,1,,,2681301,1247665
202,4249,2024-01-01T01:45,4,2,,,2682296,1248311
203,4270,2024-01-01T01:45,3,1,,,2684006,1246566
204,732,2024-01-01T01:45,1,2,,,2681319,1248665
205,3012,2024-01-01T01:45,2,0,,,2682647,1250364
206,3015,2024-01-01T01:45,,,3,0,2683023,1244140
207,1037,2024-01-01T01:45,5,0,,,2681339,1248647
208,4255,2024-01-01T01:45,0,0,,,2682881,1246549
209,3279,2024-01-01T01:45,,,40,18,2683437,1247199
210,4259,2024-01-01T01:45,0,1,,,2682375,1247055
211,3003,2024-01-01T01:45,1,0,,,2679767,1248986
212,2991,2024-01-01T01:45,3,14,,,2682756,1247323
213,4242,2024-01-01T01:45,4,0,,,2682337,1248451
214,4262,2024-01-01T01:45,0,0,,,2682731,1247708
215,5002,2024-01-01T01:45,4,1,,,2682873,1245891
216,2993,2024-01-01T01:45,2,2,,,2683573,1248545
217,4267,2024-01-01T02:00,1,,,,2683457,1247065
218,4270,2024-01-01T02:00,1,1,,,2684006,1246566
219,4242,2024-01-01T02:00,2,0,,,2682337,1248451
220,2989,2024-01-01T02:00,5,2,,,2682278,1248324
221,5002,2024-01-01T02:00,0,1,,,2682873,1245891
222,4262,2024-01-01T02:00,0,1,,,2682731,1247708
223,2991,2024-01-01T02:00,3,11,,,2682756,1247323
224,3003,2024-01-01T02:00,0,2,,,2679767,1248986
225,4259,2024-01-01T02:00,6,1,,,2682375,1247055
226,3279,2024-01-01T02:00,,,31,13,2683437,1247199
227,4255,2024-01-01T02:00,0,0,,,2682881,1246549
228,1037,2024-01-01T02:00,6,2,,,2681339,1248647
229,3015,2024-01-01T02:00,,,9,0,2683023,1244140
230,3012,2024-01-01T02:00,1,0,,,2682647,1250364
231,732,2024-01-01T02:00,2,4,,,2681319,1248665
232,4249,2024-01-01T02:00,6,5,,,2682296,1248311
233,4266,2024-01-01T02:00,4,2,,,2681301,1247665
234,2986,2024-01-01T02:00,0,0,,,2684578,1251966
235,4269,2024-01-01T02:00,1,1,,,2682227,1244618
236,4263,2024-01-01T02:00,0,0,,,2683404,1251624
237,2997,2024-01-01T02:00,1,1,,,2682933,1248821
238,4257,2024-01-01T02:00,0,4,,,2681857,1251991
239,4246,2024-01-01T02:00,,,4,2,2682147,1249212
240,4258,2024-01-01T02:00,0,,,,2682683,1250569
241,2982,2024-01-01T02:00,2,,,,2683447,1247063
242,4241,2024-01-01T02:00,0,0,,,2682297,1248328
243,2993,2024-01-01T02:00,0,3,,,2683573,1248545
244,4270,2024-01-01T02:15,0,1,,,2684006,1246566
245,4267,2024-01-01T02:15,0,,,,2683457,1247065
246,4249,2024-01-01T02:15,5,3,,,2682296,1248311
247,2991,2024-01-01T02:15,16,12,,,2682756,1247323
248,4266,2024-01-01T02:15,6,2,,,2681301,1247665
249,3003,2024-01-01T02:15,0,1,,,2679767,1248986
250,2986,2024-01-01T02:15,0,0,,,2684578,1251966
251,4255,2024-01-01T02:15,0,0,,,2682881,1246549
252,2989,2024-01-01T02:15,11,4,,,2682278,1248324
253,4269,2024-01-01T02:15,0,1,,,2682227,1244618
254,4263,2024-01-01T02:15,0,0,,,2683404,1251624
255,1037,2024-01-01T02:15,10,8,,,2681339,1248647
256,2997,2024-01-01T02:15,0,1,,,2682933,1248821
257,4262,2024-01-01T02:15,0,0,,,2682731,1247708
258,4257,2024-01-01T02:15,1,0,,,2681857,1251991
259,3015,2024-01-01T02:15,,,1,0,2683023,1244140
260,4246,2024-01-01T02:15,,,4,0,2682147,1249212
261,4259,2024-01-01T02:15,0,1,,,2682375,1247055
262,4258,2024-01-01T02:15,2,,,,2682683,1250569
263,3012,2024-01-01T02:15,0,4,,,2682647,1250364
264,2982,2024-01-01T02:15,0,,,,2683447,1247063
265,5002,2024-01-01T02:15,1,0,,,2682873,1245891
266,4241,2024-01-01T02:15,2,0,,,2682297,1248328
267,732,2024-01-01T02:15,2,9,,,2681319,1248665
268,2993,2024-01-01T02:15,0,1,,,2683573,1248545
269,3279,2024-01-01T02:15,,,41,18,2683437,1247199
270,4242,2024-01-01T02:15,9,2,,,2682337,1248451
271,4267,2024-01-01T02:30,0,,,,2683457,1247065
272,2993,2024-01-01T02:30,1,0,,,2683573,1248545
273,4241,2024-01-01T02:30,1,0,,,2682297,1248328
274,2982,2024-01-01T02:30,3,,,,2683447,1247063
275,4258,2024-01-01T02:30,1,,,,2682683,1250569
276,4246,2024-01-01T02:30,,,1,2,2682147,1249212
277,4257,2024-01-01T02:30,1,1,,,2681857,1251991
278,4263,2024-01-01T02:30,1,0,,,2683404,1251624
279,2997,2024-01-01T02:30,0,4,,,2682933,1248821
280,4269,2024-01-01T02:30,0,2,,,2682227,1244618
281,2986,2024-01-01T02:30,1,0,,,2684578,1251966
282,4266,2024-01-01T02:30,5,1,,,2681301,1247665
283,4249,2024-01-01T02:30,4,1,,,2682296,1248311
284,4270,2024-01-01T02:30,0,2,,,2684006,1246566
285,732,2024-01-01T02:30,0,5,,,2681319,1248665
286,3012,2024-01-01T02:30,0,0,,,2682647,1250364
287,3015,2024-01-01T02:30,,,2,5,2683023,1244140
288,1037,2024-01-01T02:30,2,3,,,2681339,1248647
289,4255,2024-01-01T02:30,0,1,,,2682881,1246549
290,3003,2024-01-01T02:30,1,1,,,2679767,1248986
291,3279,2024-01-01T02:30,,,28,12,2683437,1247199
292,4259,2024-01-01T02:30,0,1,,,2682375,1247055
293,2991,2024-01-01T02:30,3,4,,,2682756,1247323
294,4262,2024-01-01T02:30,0,0,,,2682731,1247708
295,5002,2024-01-01T02:30,1,2,,,2682873,1245891
296,2989,2024-01-01T02:30,2,5,,,2682278,1248324
297,4242,2024-01-01T02:30,6,0,,,2682337,1248451
298,4267,2024-01-01T02:45,7,,,,2683457,1247065
299,4242,2024-01-01T02:45,2,0,,,2682337,1248451
300,4241,2024-01-01T02:45,5,0,,,2682297,1248328
301,2982,2024-01-01T02:45,0,,,,2683447,1247063
302,4258,2024-01-01T02:45,0,,,,2682683,1250569
303,4246,2024-01-01T02:45,,,0,3,2682147,1249212
304,4257,2024-01-01T02:45,1,1,,,2681857,1251991
305,4263,2024-01-01T02:45,1,2,,,2683404,1251624
306,2997,2024-01-01T02:45,0,0,,,2682933,1248821
307,4269,2024-01-01T02:45,0,1,,,2682227,1244618
308,2986,2024-01-01T02:45,0,1,,,2684578,1251966
309,4266,2024-01-01T02:45,3,2,,,2681301,1247665
310,4249,2024-01-01T02:45,6,0,,,2682296,1248311
311,4270,2024-01-01T02:45,2,0,,,2684006,1246566
312,732,2024-01-01T02:45,0,2,,,2681319,1248665
313,3012,2024-01-01T02:45,1,2,,,2682647,1250364
314,3015,2024-01-01T02:45,,,1,6,2683023,1244140
315,1037,2024-01-01T02:45,2,5,,,2681339,1248647
316,4255,2024-01-01T02:45,0,0,,,2682881,1246549
317,3003,2024-01-01T02:45,3,0,,,2679767,1248986
318,3279,2024-01-01T02:45,,,48,24,2683437,1247199
319,4259,2024-01-01T02:45,2,3,,,2682375,1247055
320,2991,2024-01-01T02:45,1,6,,,2682756,1247323
321,4262,2024-01-01T02:45,0,0,,,2682731,1247708
322,5002,2024-01-01T02:45,2,1,,,2682873,1245891
323,2989,2024-01-01T02:45,3,4,,,2682278,1248324
324,2993,2024-01-01T02:45,1,2,,,2683573,1248545
325,4267,2024-01-01T03:00,3,,,,2683457,1247065
326,4270,2024-01-01T03:00,1,0,,,2684006,1246566
327,4242,2024-01-01T03:00,3,0,,,2682337,1248451
328,2989,2024-01-01T03:00,5,2,,,2682278,1248324
329,5002,2024-01-01T03:00,1,0,,,2682873,1245891
330,4262,2024-01-01T03:00,0,0,,,2682731,1247708
331,2991,2024-01-01T03:00,0,1,,,2682756,1247323
332,4259,2024-01-01T03:00,0,4,,,2682375,1247055
333,3279,2024-01-01T03:00,,,38,11,2683437,1247199
334,3003,2024-01-01T03:00,1,1,,,2679767,1248986
335,4255,2024-01-01T03:00,0,0,,,2682881,1246549
336,1037,2024-01-01T03:00,3,3,,,2681339,1248647
337,3012,2024-01-01T03:00,0,0,,,2682647,1250364
338,732,2024-01-01T03:00,0,3,,,2681319,1248665
339,3015,2024-01-01T03:00,,,2,1,2683023,1244140
340,4249,2024-01-01T03:00,7,3,,,2682296,1248311
341,4266,2024-01-01T03:00,5,0,,,2681301,1247665
342,2986,2024-01-01T03:00,0,0,,,2684578,1251966
343,4269,2024-01-01T03:00,0,1,,,2682227,1244618
344,2997,2024-01-01T03:00,0,2,,,2682933,1248821
345,4263,2024-01-01T03:00,1,0,,,2683404,1251624
346,4246,2024-01-01T03:00,,,3,1,2682147,1249212
347,4257,2024-01-01T03:00,0,2,,,2681857,1251991
348,4258,2024-01-01T03:00,0,,,,2682683,1250569
349,2982,2024-01-01T03:00,0,,,,2683447,1247063
350,4241,2024-01-01T03:00,5,0,,,2682297,1248328
351,2993,2024-01-01T03:00,0,1,,,2683573,1248545
352,4270,2024-01-01T03:15,1,0,,,2684006,1246566
353,4267,2024-01-01T03:15,1,,,,2683457,1247065
354,4249,2024-01-01T03:15,5,1,,,2682296,1248311
355,3003,2024-01-01T03:15,0,0,,,2679767,1248986
356,4266,2024-01-01T03:15,1,3,,,2681301,1247665
357,2991,2024-01-01T03:15,1,0,,,2682756,1247323
358,2986,2024-01-01T03:15,0,0,,,2684578,1251966
359,4255,2024-01-01T03:15,0,0,,,2682881,1246549
360,4269,2024-01-01T03:15,0,0,,,2682227,1244618
361,2989,2024-01-01T03:15,6,3,,,2682278,1248324
362,2997,2024-01-01T03:15,0,0,,,2682933,1248821
363,1037,2024-01-01T03:15,1,1,,,2681339,1248647
364,4263,2024-01-01T03:15,1,0,,,2683404,1251624
365,4259,2024-01-01T03:15,0,0,,,2682375,1247055
366,4246,2024-01-01T03:15,,,3,1,2682147,1249212
367,3015,2024-01-01T03:15,,,1,0,2683023,1244140
368,4257,2024-01-01T03:15,0,0,,,2681857,1251991
369,3012,2024-01-01T03:15,2,0,,,2682647,1250364
370,4258,2024-01-01T03:15,2,,,,2682683,1250569
371,4262,2024-01-01T03:15,0,0,,,2682731,1247708
372,2982,2024-01-01T03:15,0,,,,2683447,1247063
373,732,2024-01-01T03:15,0,5,,,2681319,1248665
374,4241,2024-01-01T03:15,12,0,,,2682297,1248328
375,3279,2024-01-01T03:15,,,20,18,2683437,1247199
376,2993,2024-01-01T03:15,1,1,,,2683573,1248545
377,5002,2024-01-01T03:15,2,0,,,2682873,1245891
378,4242,2024-01-01T03:15,2,0,,,2682337,1248451
379,4267,2024-01-01T03:30,5,,,,2683457,1247065
380,2993,2024-01-01T03:30,0,0,,,2683573,1248545
381,4241,2024-01-01T03:30,2,0,,,2682297,1248328
382,2982,2024-01-01T03:30,0,,,,2683447,1247063
383,4258,2024-01-01T03:30,0,,,,2682683,1250569
384,4257,2024-01-01T03:30,3,0,,,2681857,1251991
385,4246,2024-01-01T03:30,,,1,1,2682147,1249212
386,4263,2024-01-01T03:30,0,0,,,2683404,1251624
387,2997,2024-01-01T03:30,0,1,,,2682933,1248821
388,4269,2024-01-01T03:30,0,1,,,2682227,1244618
389,2986,2024-01-01T03:30,0,0,,,2684578,1251966
390,4266,2024-01-01T03:30,1,1,,,2681301,1247665
391,4249,2024-01-01T03:30,3,1,,,2682296,1248311
392,4270,2024-01-01T03:30,1,1,,,2684006,1246566
393,732,2024-01-01T03:30,1,2,,,2681319,1248665
394,3012,2024-01-01T03:30,0,1,,,2682647,1250364
395,3015,2024-01-01T03:30,,,1,0,2683023,1244140
396,1037,2024-01-01T03:30,7,3,,,2681339,1248647
397,4255,2024-01-01T03:30,0,1,,,2682881,1246549
398,3003,2024-01-01T03:30,0,0,,,2679767,1248986
399,3279,2024-01-01T03:30,,,22,19,2683437,1247199
400,4259,2024-01-01T03:30,1,2,,,2682375,1247055
401,2991,2024-01-01T03:30,1,2,,,2682756,1247323
402,4262,2024-01-01T03:30,0,1,,,2682731,1247708
403,5002,2024-01-01T03:30,1,0,,,2682873,1245891
404,2989,2024-01-01T03:30,4,0,,,2682278,1248324
405,4242,2024-01-01T03:30,5,0,,,2682337,1248451
406,4267,2024-01-01T03:45,2,,,,2683457,1247065
407,4242,2024-01-01T03:45,0,0,,,2682337,1248451
408,4241,2024-01-01T03:45,5,0,,,2682297,1248328
409,4258,2024-01-01T03:45,0,,,,2682683,1250569
410,2982,2024-01-01T03:45,0,,,,2683447,1247063
411,4257,2024-01-01T03:45,1,0,,,2681857,1251991
412,4246,2024-01-01T03:45,,,1,1,2682147,1249212
413,4263,2024-01-01T03:45,0,0,,,2683404,1251624
414,2997,2024-01-01T03:45,0,0,,,2682933,1248821
415,4269,2024-01-01T03:45,0,0,,,2682227,1244618
416,2986,2024-01-01T03:45,0,0,,,2684578,1251966
417,4266,2024-01-01T03:45,2,0,,,2681301,1247665
418,4249,2024-01-01T03:45,3,0,,,2682296,1248311
419,4270,2024-01-01T03:45,1,0,,,2684006,1246566
420,732,2024-01-01T03:45,0,3,,,2681319,1248665
421,3012,2024-01-01T03:45,1,1,,,2682647,1250364
422,3015,2024-01-01T03:45,,,0,0,2683023,1244140
423,1037,2024-01-01T03:45,1,2,,,2681339,1248647
424,4255,2024-01-01T03:45,0,0,,,2682881,1246549
425,3003,2024-01-01T03:45,0,0,,,2679767,1248986
426,3279,2024-01-01T03:45,,,17,10,2683437,1247199
427,4259,2024-01-01T03:45,0,0,,,2682375,1247055
428,2991,2024-01-01T03:45,0,4,,,2682756,1247323
429,4262,2024-01-01T03:45,0,0,,,2682731,1247708
430,5002,2024-01-01T03:45,1,0,,,2682873,1245891
431,2989,2024-01-01T03:45,1,2,,,2682278,1248324
432,2993,2024-01-01T03:45,0,0,,,2683573,1248545
433,2993,2024-01-01T04:00,0,0,,,2683573,1248545
434,4267,2024-01-01T04:00,4,,,,2683457,1247065
435,2989,2024-01-01T04:00,4,4,,,2682278,1248324
436,4242,2024-01-01T04:00,1,0,,,2682337,1248451
437,5002,2024-01-01T04:00,1,0,,,2682873,1245891
438,4262,2024-01-01T04:00,0,0,,,2682731,1247708
439,2991,2024-01-01T04:00,5,4,,,2682756,1247323
440,4259,2024-01-01T04:00,1,0,,,2682375,1247055
441,3279,2024-01-01T04:00,,,7,2,2683437,1247199
442,3003,2024-01-01T04:00,0,1,,,2679767,1248986
443,4255,2024-01-01T04:00,0,0,,,2682881,1246549
444,1037,2024-01-01T04:00,1,0,,,2681339,1248647
445,3015,2024-01-01T04:00,,,0,1,2683023,1244140
446,3012,2024-01-01T04:00,1,0,,,2682647,1250364
447,732,2024-01-01T04:00,0,0,,,2681319,1248665
448,4270,2024-01-01T04:00,0,1,,,2684006,1246566
449,4249,2024-01-01T04:00,6,0,,,2682296,1248311
450,4266,2024-01-01T04:00,3,0,,,2681301,1247665
451,2986,2024-01-01T04:00,0,0,,,2684578,1251966
452,4269,2024-01-01T04:00,0,0,,,2682227,1244618
453,2997,2024-01-01T04:00,0,0,,,2682933,1248821
454,4263,2024-01-01T04:00,2,1,,,2683404,1251624
455,4246,2024-01-01T04:00,,,1,0,2682147,1249212
456,4257,2024-01-01T04:00,0,0,,,2681857,1251991
457,2982,2024-01-01T04:00,0,,,,2683447,1247063
458,4258,2024-01-01T04:00,0,,,,2682683,1250569
459,4241,2024-01-01T04:00,3,0,,,2682297,1248328
460,4270,2024-01-01T04:15,1,0,,,2684006,1246566
461,2989,2024-01-01T04:15,3,1,,,2682278,1248324
462,4249,2024-01-01T04:15,3,7,,,2682296,1248311
463,2991,2024-01-01T04:15,1,0,,,2682756,1247323
464,4255,2024-01-01T04:15,0,0,,,2682881,1246549
465,4266,2024-01-01T04:15,0,0,,,2681301,1247665
466,2986,2024-01-01T04:15,0,0,,,2684578,1251966
467,5002,2024-01-01T04:15,0,0,,,2682873,1245891
468,4269,2024-01-01T04:15,0,0,,,2682227,1244618
469,4259,2024-01-01T04:15,0,0,,,2682375,1247055
470,2997,2024-01-01T04:15,0,0,,,2682933,1248821
471,1037,2024-01-01T04:15,1,2,,,2681339,1248647
472,4263,2024-01-01T04:15,0,1,,,2683404,1251624
473,3015,2024-01-01T04:15,,,0,0,2683023,1244140
474,4246,2024-01-01T04:15,,,0,0,2682147,1249212
475,4242,2024-01-01T04:15,0,0,,,2682337,1248451
476,4257,2024-01-01T04:15,1,0,,,2681857,1251991
477,3012,2024-01-01T04:15,1,0,,,2682647,1250364
478,2982,2024-01-01T04:15,0,,,,2683447,1247063
479,3279,2024-01-01T04:15,,,5,4,2683437,1247199
480,4258,2024-01-01T04:15,1,,,,2682683,1250569
481,732,2024-01-01T04:15,0,2,,,2681319,1248665
482,4241,2024-01-01T04:15,0,0,,,2682297,1248328
483,4262,2024-01-01T04:15,0,2,,,2682731,1247708
484,2993,2024-01-01T04:15,1,0,,,2683573,1248545
485,4267,2024-01-01T04:15,2,,,,2683457,1247065
486,3003,2024-01-01T04:15,0,0,,,2679767,1248986
487,2989,2024-01-01T04:30,6,2,,,2682278,1248324
488,2993,2024-01-01T04:30,0,0,,,2683573,1248545
489,4241,2024-01-01T04:30,2,0,,,2682297,1248328
490,4258,2024-01-01T04:30,1,,,,2682683,1250569
491,2982,2024-01-01T04:30,1,,,,2683447,1247063
492,4257,2024-01-01T04:30,0,0,,,2681857,1251991
493,4246,2024-01-01T04:30,,,0,0,2682147,1249212
494,4263,2024-01-01T04:30,2,1,,,2683404,1251624
495,2997,2024-01-01T04:30,0,0,,,2682933,1248821
496,4269,2024-01-01T04:30,0,0,,,2682227,1244618
497,2986,2024-01-01T04:30,0,0,,,2684578,1251966
498,4266,2024-01-01T04:30,2,1,,,2681301,1247665
499,4249,2024-01-01T04:30,2,1,,,2682296,1248311
500,4270,2024-01-01T04:30,0,0,,,2684006,1246566
501,732,2024-01-01T04:30,2,5,,,2681319,1248665
502,3012,2024-01-01T04:30,1,0,,,2682647,1250364
503,3015,2024-01-01T04:30,,,0,0,2683023,1244140
504,1037,2024-01-01T04:30,2,1,,,2681339,1248647
505,4255,2024-01-01T04:30,0,0,,,2682881,1246549
506,3003,2024-01-01T04:30,0,0,,,2679767,1248986
507,3279,2024-01-01T04:30,,,8,4,2683437,1247199
508,4259,2024-01-01T04:30,1,1,,,2682375,1247055
509,2991,2024-01-01T04:30,3,0,,,2682756,1247323
510,5002,2024-01-01T04:30,1,1,,,2682873,1245891
511,4242,2024-01-01T04:30,5,0,,,2682337,1248451
512,4262,2024-01-01T04:30,0,0,,,2682731,1247708
513,4267,2024-01-01T04:30,4,,,,2683457,1247065
514,2989,2024-01-01T04:45,2,0,,,2682278,1248324
515,4262,2024-01-01T04:45,0,0,,,2682731,1247708
516,4241,2024-01-01T04:45,0,0,,,2682297,1248328
517,4267,2024-01-01T04:45,3,,,,2683457,1247065
518,4258,2024-01-01T04:45,0,,,,2682683,1250569
519,2982,2024-01-01T04:45,0,,,,2683447,1247063
520,4257,2024-01-01T04:45,0,0,,,2681857,1251991
521,4246,2024-01-01T04:45,,,0,0,2682147,1249212
522,4263,2024-01-01T04:45,3,0,,,2683404,1251624
523,2997,2024-01-01T04:45,0,2,,,2682933,1248821
524,4269,2024-01-01T04:45,0,0,,,2682227,1244618
525,2986,2024-01-01T04:45,0,1,,,2684578,1251966
526,4266,2024-01-01T04:45,5,0,,,2681301,1247665
527,4249,2024-01-01T04:45,3,1,,,2682296,1248311
528,4270,2024-01-01T04:45,0,0,,,2684006,1246566
529,732,2024-01-01T04:45,0,0,,,2681319,1248665
530,3012,2024-01-01T04:45,0,2,,,2682647,1250364
531,3015,2024-01-01T04:45,,,0,0,2683023,1244140
532,1037,2024-01-01T04:45,1,0,,,2681339,1248647
533,4255,2024-01-01T04:45,0,0,,,2682881,1246549
534,3003,2024-01-01T04:45,1,0,,,2679767,1248986
535,3279,2024-01-01T04:45,,,5,3,2683437,1247199
536,4259,2024-01-01T04:45,0,0,,,2682375,1247055
537,2991,2024-01-01T04:45,1,3,,,2682756,1247323
538,5002,2024-01-01T04:45,0,0,,,2682873,1245891
539,4242,2024-01-01T04:45,0,0,,,2682337,1248451
540,2993,2024-01-01T04:45,0,0,,,2683573,1248545
541,2993,2024-01-01T05:00,0,0,,,2683573,1248545
542,4270,2024-01-01T05:00,0,0,,,2684006,1246566
543,2989,2024-01-01T05:00,8,2,,,2682278,1248324
544,4262,2024-01-01T05:00,0,0,,,2682731,1247708
545,4242,2024-01-01T05:00,0,0,,,2682337,1248451
546,5002,2024-01-01T05:00,1,0,,,2682873,1245891
547,2991,2024-01-01T05:00,2,3,,,2682756,1247323
548,4259,2024-01-01T05:00,0,1,,,2682375,1247055
549,3279,2024-01-01T05:00,,,2,3,2683437,1247199
550,3003,2024-01-01T05:00,0,0,,,2679767,1248986
551,4255,2024-01-01T05:00,0,0,,,2682881,1246549
552,1037,2024-01-01T05:00,0,2,,,2681339,1248647
553,3015,2024-01-01T05:00,,,0,0,2683023,1244140
554,3012,2024-01-01T05:00,0,1,,,2682647,1250364
555,732,2024-01-01T05:00,0,0,,,2681319,1248665
556,4249,2024-01-01T05:00,3,0,,,2682296,1248311
557,4266,2024-01-01T05:00,1,0,,,2681301,1247665
558,2986,2024-01-01T05:00,0,0,,,2684578,1251966
559,4269,2024-01-01T05:00,0,0,,,2682227,1244618
560,2997,2024-01-01T05:00,0,0,,,2682933,1248821
561,4263,2024-01-01T05:00,0,0,,,2683404,1251624
562,4246,2024-01-01T05:00,,,1,1,2682147,1249212
563,4257,2024-01-01T05:00,0,0,,,2681857,1251991
564,2982,2024-01-01T05:00,1,,,,2683447,1247063
565,4258,2024-01-01T05:00,0,,,,2682683,1250569
566,4267,2024-01-01T05:00,3,,,,2683457,1247065
567,4241,2024-01-01T05:00,0,0,,,2682297,1248328
568,4270,2024-01-01T05:15,0,0,,,2684006,1246566
569,2993,2024-01-01T05:15,0,0,,,2683573,1248545
570,4249,2024-01-01T05:15,1,0,,,2682296,1248311
571,3003,2024-01-01T05:15,0,0,,,2679767,1248986
572,4266,2024-01-01T05:15,0,0,,,2681301,1247665
573,2991,2024-01-01T05:15,1,0,,,2682756,1247323
574,2986,2024-01-01T05:15,0,0,,,2684578,1251966
575,4255,2024-01-01T05:15,0,0,,,2682881,1246549
576,4269,2024-01-01T05:15,0,0,,,2682227,1244618
577,4262,2024-01-01T05:15,0,0,,,2682731,1247708
578,2997,2024-01-01T05:15,0,0,,,2682933,1248821
579,1037,2024-01-01T05:15,5,3,,,2681339,1248647
580,4263,2024-01-01T05:15,1,0,,,2683404,1251624
581,4259,2024-01-01T05:15,0,0,,,2682375,1247055
582,4246,2024-01-01T05:15,,,0,1,2682147,1249212
583,3015,2024-01-01T05:15,,,14,0,2683023,1244140
584,4257,2024-01-01T05:15,0,0,,,2681857,1251991
585,5002,2024-01-01T05:15,0,0,,,2682873,1245891
586,2982,2024-01-01T05:15,0,,,,2683447,1247063
587,3012,2024-01-01T05:15,1,2,,,2682647,1250364
588,4258,2024-01-01T05:15,1,,,,2682683,1250569
589,3279,2024-01-01T05:15,,,3,3,2683437,1247199
590,4241,2024-01-01T05:15,0,0,,,2682297,1248328
591,4267,2024-01-01T05:15,11,,,,2683457,1247065
592,732,2024-01-01T05:15,0,2,,,2681319,1248665
593,4242,2024-01-01T05:15,0,0,,,2682337,1248451
594,2989,2024-01-01T05:15,3,1,,,2682278,1248324
595,2993,2024-01-01T05:30,0,0,,,2683573,1248545
596,4267,2024-01-01T05:30,11,,,,2683457,1247065
597,4241,2024-01-01T05:30,0,0,,,2682297,1248328
598,4258,2024-01-01T05:30,1,,,,2682683,1250569
599,2982,2024-01-01T05:30,0,,,,2683447,1247063
600,4257,2024-01-01T05:30,0,1,,,2681857,1251991
601,4246,2024-01-01T05:30,,,0,0,2682147,1249212
602,4263,2024-01-01T05:30,0,0,,,2683404,1251624
603,2997,2024-01-01T05:30,0,0,,,2682933,1248821
604,4269,2024-01-01T05:30,0,0,,,2682227,1244618
605,2986,2024-01-01T05:30,0,0,,,2684578,1251966
606,4266,2024-01-01T05:30,0,0,,,2681301,1247665
607,4249,2024-01-01T05:30,2,1,,,2682296,1248311
608,4270,2024-01-01T05:30,0,1,,,2684006,1246566
609,732,2024-01-01T05:30,1,0,,,2681319,1248665
610,3012,2024-01-01T05:30,0,0,,,2682647,1250364
611,3015,2024-01-01T05:30,,,0,0,2683023,1244140
612,1037,2024-01-01T05:30,0,1,,,2681339,1248647
613,4255,2024-01-01T05:30,0,0,,,2682881,1246549
614,3003,2024-01-01T05:30,1,1,,,2679767,1248986
615,3279,2024-01-01T05:30,,,1,5,2683437,1247199
616,4259,2024-01-01T05:30,0,1,,,2682375,1247055
617,2991,2024-01-01T05:30,1,1,,,2682756,1247323
618,5002,2024-01-01T05:30,1,2,,,2682873,1245891
619,4242,2024-01-01T05:30,0,0,,,2682337,1248451
620,4262,2024-01-01T05:30,0,0,,,2682731,1247708
621,2989,2024-01-01T05:30,1,6,,,2682278,1248324
622,2993,2024-01-01T05:45,1,0,,,2683573,1248545
623,2989,2024-01-01T05:45,1,1,,,2682278,1248324
624,4241,2024-01-01T05:45,3,0,,,2682297,1248328
625,4258,2024-01-01T05:45,1,,,,2682683,1250569
626,2982,2024-01-01T05:45,0,,,,2683447,1247063
627,4257,2024-01-01T05:45,0,0,,,2681857,1251991
628,4246,2024-01-01T05:45,,,0,2,2682147,1249212
629,4263,2024-01-01T05:45,0,0,,,2683404,1251624
630,2997,2024-01-01T05:45,0,0,,,2682933,1248821
631,4269,2024-01-01T05:45,0,0,,,2682227,1244618
632,2986,2024-01-01T05:45,1,0,,,2684578,1251966
633,4266,2024-01-01T05:45,5,0,,,2681301,1247665
634,4249,2024-01-01T05:45,6,2,,,2682296,1248311
635,4270,2024-01-01T05:45,1,0,,,2684006,1246566
636,732,2024-01-01T05:45,1,0,,,2681319,1248665
637,3012,2024-01-01T05:45,3,0,,,2682647,1250364
638,3015,2024-01-01T05:45,,,2,0,2683023,1244140
639,1037,2024-01-01T05:45,2,0,,,2681339,1248647
640,4255,2024-01-01T05:45,0,0,,,2682881,1246549
641,3003,2024-01-01T05:45,0,1,,,2679767,1248986
642,3279,2024-01-01T05:45,,,0,1,2683437,1247199
643,4259,2024-01-01T05:45,0,0,,,2682375,1247055
644,2991,2024-01-01T05:45,1,2,,,2682756,1247323
645,5002,2024-01-01T05:45,0,0,,,2682873,1245891
646,4242,2024-01-01T05:45,0,0,,,2682337,1248451
647,4262,2024-01-01T05:45,0,1,,,2682731,1247708
648,4267,2024-01-01T05:45,6,,,,2683457,1247065
649,4267,2024-01-01T06:00,5,,,,2683457,1247065
650,2989,2024-01-01T06:00,4,1,,,2682278,1248324
651,4258,2024-01-01T06:00,1,,,,2682683,1250569
652,2982,2024-01-01T06:00,0,,,,2683447,1247063
653,4257,2024-01-01T06:00,1,0,,,2681857,1251991
654,4246,2024-01-01T06:00,,,0,1,2682147,1249212
655,4263,2024-01-01T06:00,0,0,,,2683404,1251624
656,2997,2024-01-01T06:00,1,0,,,2682933,1248821
657,4269,2024-01-01T06:00,0,0,,,2682227,1244618
658,2986,2024-01-01T06:00,0,1,,,2684578,1251966
659,4266,2024-01-01T06:00,0,0,,,2681301,1247665
660,4249,2024-01-01T06:00,0,1,,,2682296,1248311
661,4270,2024-01-01T06:00,0,1,,,2684006,1246566
662,732,2024-01-01T06:00,1,3,,,2681319,1248665
663,3015,2024-01-01T06:00,,,0,1,2683023,1244140
664,3012,2024-01-01T06:00,1,0,,,2682647,1250364
665,1037,2024-01-01T06:00,1,0,,,2681339,1248647
666,4255,2024-01-01T06:00,1,0,,,2682881,1246549
667,3003,2024-01-01T06:00,1,0,,,2679767,1248986
668,3279,2024-01-01T06:00,,,2,0,2683437,1247199
669,4259,2024-01-01T06:00,0,2,,,2682375,1247055
670,2991,2024-01-01T06:00,1,0,,,2682756,1247323
671,5002,2024-01-01T06:00,2,0,,,2682873,1245891
672,4242,2024-01-01T06:00,0,0,,,2682337,1248451
673,4262,2024-01-01T06:00,0,2,,,2682731,1247708
674,2993,2024-01-01T06:00,0,1,,,2683573,1248545
675,4241,2024-01-01T06:00,1,0,,,2682297,1248328
676,2989,2024-01-01T06:15,3,0,,,2682278,1248324
677,4267,2024-01-01T06:15,9,,,,2683457,1247065
678,4241,2024-01-01T06:15,3,0,,,2682297,1248328
679,4258,2024-01-01T06:15,3,,,,2682683,1250569
680,2982,2024-01-01T06:15,0,,,,2683447,1247063
681,4257,2024-01-01T06:15,0,0,,,2681857,1251991
682,4246,2024-01-01T06:15,,,0,2,2682147,1249212
683,4263,2024-01-01T06:15,0,1,,,2683404,1251624
684,2997,2024-01-01T06:15,1,0,,,2682933,1248821
685,4269,2024-01-01T06:15,0,1,,,2682227,1244618
686,2986,2024-01-01T06:15,0,0,,,2684578,1251966
687,4266,2024-01-01T06:15,0,0,,,2681301,1247665
688,4249,2024-01-01T06:15,2,1,,,2682296,1248311
689,4270,2024-01-01T06:15,0,0,,,2684006,1246566
690,732,2024-01-01T06:15,0,2,,,2681319,1248665
691,3012,2024-01-01T06:15,0,0,,,2682647,1250364
692,1037,2024-01-01T06:15,4,0,,,2681339,1248647
693,3015,2024-01-01T06:15,,,0,0,2683023,1244140
694,4255,2024-01-01T06:15,0,0,,,2682881,1246549
695,3003,2024-01-01T06:15,1,0,,,2679767,1248986
696,3279,2024-01-01T06:15,,,2,0,2683437,1247199
697,4259,2024-01-01T06:15,0,0,,,2682375,1247055
698,2991,2024-01-01T06:15,0,0,,,2682756,1247323
699,5002,2024-01-01T06:15,0,0,,,2682873,1245891
700,4242,2024-01-01T06:15,1,0,,,2682337,1248451
701,4262,2024-01-01T06:15,3,0,,,2682731,1247708
702,2993,2024-01-01T06:15,1,0,,,2683573,1248545
703,4249,2024-01-01T06:30,2,0,,,2682296,1248311
704,4241,2024-01-01T06:30,3,0,,,2682297,1248328
705,4257,2024-01-01T06:30,0,1,,,2681857,1251991
706,4242,2024-01-01T06:30,0,0,,,2682337,1248451
707,4266,2024-01-01T06:30,0,1,,,2681301,1247665
708,5002,2024-01-01T06:30,4,0,,,2682873,1245891
709,2993,2024-01-01T06:30,5,0,,,2683573,1248545
710,2991,2024-01-01T06:30,1,1,,,2682756,1247323
711,2986,2024-01-01T06:30,0,0,,,2684578,1251966
712,4259,2024-01-01T06:30,0,0,,,2682375,1247055
713,2982,2024-01-01T06:30,0,,,,2683447,1247063
714,3279,2024-01-01T06:30,,,2,0,2683437,1247199
715,4269,2024-01-01T06:30,0,0,,,2682227,1244618
716,3003,2024-01-01T06:30,0,0,,,2679767,1248986
717,4267,2024-01-01T06:30,8,,,,2683457,1247065
718,4255,2024-01-01T06:30,0,0,,,2682881,1246549
719,2997,2024-01-01T06:30,2,1,,,2682933,1248821
720,3012,2024-01-01T06:30,0,0,,,2682647,1250364
721,4258,2024-01-01T06:30,1,,,,2682683,1250569
722,3015,2024-01-01T06:30,,,0,0,2683023,1244140
723,4263,2024-01-01T06:30,0,0,,,2683404,1251624
724,1037,2024-01-01T06:30,2,3,,,2681339,1248647
725,2989,2024-01-01T06:30,5,1,,,2682278,1248324
726,732,2024-01-01T06:30,0,1,,,2681319,1248665
727,4246,2024-01-01T06:30,,,0,0,2682147,1249212
728,4270,2024-01-01T06:30,0,2,,,2684006,1246566
729,4262,2024-01-01T06:30,0,0,,,2682731,1247708
730,4262,2024-01-01T06:45,0,0,,,2682731,1247708
731,4242,2024-01-01T06:45,2,0,,,2682337,1248451
732,5002,2024-01-01T06:45,3,0,,,2682873,1245891
733,2991,2024-01-01T06:45,0,1,,,2682756,1247323
734,4259,2024-01-01T06:45,1,1,,,2682375,1247055
735,3279,2024-01-01T06:45,,,0,1,2683437,1247199
736,3003,2024-01-01T06:45,0,1,,,2679767,1248986
737,4255,2024-01-01T06:45,0,0,,,2682881,1246549
738,3012,2024-01-01T06:45,0,0,,,2682647,1250364
739,3015,2024-01-01T06:45,,,0,0,2683023,1244140
740,1037,2024-01-01T06:45,0,2,,,2681339,1248647
741,732,2024-01-01T06:45,0,0,,,2681319,1248665
742,4270,2024-01-01T06:45,0,0,,,2684006,1246566
743,4249,2024-01-01T06:45,1,0,,,2682296,1248311
744,4266,2024-01-01T06:45,2,1,,,2681301,1247665
745,2986,2024-01-01T06:45,0,1,,,2684578,1251966
746,4269,2024-01-01T06:45,0,0,,,2682227,1244618
747,2997,2024-01-01T06:45,0,0,,,2682933,1248821
748,4263,2024-01-01T06:45,1,0,,,2683404,1251624
749,4246,2024-01-01T06:45,,,1,0,2682147,1249212
750,4257,2024-01-01T06:45,0,0,,,2681857,1251991
751,2982,2024-01-01T06:45,0,,,,2683447,1247063
752,4258,2024-01-01T06:45,0,,,,2682683,1250569
753,4241,2024-01-01T06:45,0,0,,,2682297,1248328
754,4267,2024-01-01T06:45,2,,,,2683457,1247065
755,2993,2024-01-01T06:45,1,0,,,2683573,1248545
756,2989,2024-01-01T06:45,2,5,,,2682278,1248324
757,4267,2024-01-01T07:00,4,,,,2683457,1247065
758,2993,2024-01-01T07:00,0,0,,,2683573,1248545
759,4258,2024-01-01T07:00,0,,,,2682683,1250569
760,2982,2024-01-01T07:00,0,,,,2683447,1247063
761,4257,2024-01-01T07:00,0,1,,,2681857,1251991
762,4246,2024-01-01T07:00,,,1,1,2682147,1249212
763,4263,2024-01-01T07:00,2,0,,,2683404,1251624
764,2997,2024-01-01T07:00,0,0,,,2682933,1248821
765,4269,2024-01-01T07:00,0,0,,,2682227,1244618
766,2986,2024-01-01T07:00,0,0,,,2684578,1251966
767,4266,2024-01-01T07:00,1,2,,,2681301,1247665
768,4249,2024-01-01T07:00,0,0,,,2682296,1248311
769,4270,2024-01-01T07:00,1,1,,,2684006,1246566
770,732,2024-01-01T07:00,0,2,,,2681319,1248665
771,1037,2024-01-01T07:00,4,1,,,2681339,1248647
772,3015,2024-01-01T07:00,,,0,0,2683023,1244140
773,3012,2024-01-01T07:00,1,1,,,2682647,1250364
774,4255,2024-01-01T07:00,1,0,,,2682881,1246549
775,3003,2024-01-01T07:00,0,0,,,2679767,1248986
776,3279,2024-01-01T07:00,,,0,0,2683437,1247199
777,4259,2024-01-01T07:00,1,0,,,2682375,1247055
778,2991,2024-01-01T07:00,1,0,,,2682756,1247323
779,5002,2024-01-01T07:00,0,0,,,2682873,1245891
780,4242,2024-01-01T07:00,0,0,,,2682337,1248451
781,4262,2024-01-01T07:00,0,0,,,2682731,1247708
782,2989,2024-01-01T07:00,2,0,,,2682278,1248324
783,4241,2024-01-01T07:00,1,0,,,2682297,1248328
784,2989,2024-01-01T07:15,0,2,,,2682278,1248324
785,2993,2024-01-01T07:15,2,0,,,2683573,1248545
786,4241,2024-01-01T07:15,4,0,,,2682297,1248328
787,4258,2024-01-01T07:15,1,,,,2682683,1250569
788,2982,2024-01-01T07:15,0,,,,2683447,1247063
789,4246,2024-01-01T07:15,,,1,0,2682147,1249212
790,4257,2024-01-01T07:15,0,0,,,2681857,1251991
791,4263,2024-01-01T07:15,0,0,,,2683404,1251624
792,2997,2024-01-01T07:15,1,0,,,2682933,1248821
793,4269,2024-01-01T07:15,0,1,,,2682227,1244618
794,2986,2024-01-01T07:15,0,0,,,2684578,1251966
795,4266,2024-01-01T07:15,1,0,,,2681301,1247665
796,4249,2024-01-01T07:15,3,2,,,2682296,1248311
797,732,2024-01-01T07:15,0,0,,,2681319,1248665
798,4270,2024-01-01T07:15,0,0,,,2684006,1246566
799,1037,2024-01-01T07:15,0,2,,,2681339,1248647
800,3015,2024-01-01T07:15,,,0,0,2683023,1244140
801,3012,2024-01-01T07:15,0,1,,,2682647,1250364
802,3279,2024-01-01T07:15,,,0,1,2683437,1247199
803,4255,2024-01-01T07:15,0,1,,,2682881,1246549
804,3003,2024-01-01T07:15,0,0,,,2679767,1248986
805,4259,2024-01-01T07:15,0,0,,,2682375,1247055
806,2991,2024-01-01T07:15,1,1,,,2682756,1247323
807,5002,2024-01-01T07:15,1,0,,,2682873,1245891
808,4242,2024-01-01T07:15,1,0,,,2682337,1248451
809,4262,2024-01-01T07:15,0,1,,,2682731,1247708
810,4267,2024-01-01T07:15,5,,,,2683457,1247065
811,2989,2024-01-01T07:30,1,0,,,2682278,1248324
812,2993,2024-01-01T07:30,3,2,,,2683573,1248545
813,4241,2024-01-01T07:30,0,0,,,2682297,1248328
814,4258,2024-01-01T07:30,0,,,,2682683,1250569
815,2982,2024-01-01T07:30,0,,,,2683447,1247063
816,4246,2024-01-01T07:30,,,1,1,2682147,1249212
817,4257,2024-01-01T07:30,0,0,,,2681857,1251991
818,4263,2024-01-01T07:30,0,0,,,2683404,1251624
819,2997,2024-01-01T07:30,1,0,,,2682933,1248821
820,4269,2024-01-01T07:30,1,0,,,2682227,1244618
821,2986,2024-01-01T07:30,2,0,,,2684578,1251966
822,4266,2024-01-01T07:30,0,0,,,2681301,1247665
823,4249,2024-01-01T07:30,2,0,,,2682296,1248311
824,732,2024-01-01T07:30,0,1,,,2681319,1248665
825,4270,2024-01-01T07:30,1,1,,,2684006,1246566
826,1037,2024-01-01T07:30,1,2,,,2681339,1248647
827,3015,2024-01-01T07:30,,,1,0,2683023,1244140
828,3012,2024-01-01T07:30,1,1,,,2682647,1250364
829,3279,2024-01-01T07:30,,,2,1,2683437,1247199
830,4255,2024-01-01T07:30,0,0,,,2682881,1246549
831,3003,2024-01-01T07:30,0,0,,,2679767,1248986
832,4259,2024-01-01T07:30,0,3,,,2682375,1247055
833,2991,2024-01-01T07:30,0,0,,,2682756,1247323
834,5002,2024-01-01T07:30,0,0,,,2682873,1245891
835,4242,2024-01-01T07:30,2,0,,,2682337,1248451
836,4262,2024-01-01T07:30,0,0,,,2682731,1247708
837,4267,2024-01-01T07:30,3,,,,2683457,1247065
838,2993,2024-01-01T07:45,0,0,,,2683573,1248545
839,2989,2024-01-01T07:45,1,3,,,2682278,1248324
840,4267,2024-01-01T07:45,5,,,,2683457,1247065
841,4241,2024-01-01T07:45,2,0,,,2682297,1248328
842,4258,2024-01-01T07:45,2,,,,2682683,1250569
843,4246,2024-01-01T07:45,,,0,0,2682147,1249212
844,2982,2024-01-01T07:45,0,,,,2683447,1247063
845,4257,2024-01-01T07:45,0,1,,,2681857,1251991
846,4263,2024-01-01T07:45,1,0,,,2683404,1251624
847,2997,2024-01-01T07:45,1,0,,,2682933,1248821
848,4269,2024-01-01T07:45,1,0,,,2682227,1244618
849,2986,2024-01-01T07:45,1,0,,,2684578,1251966
850,4266,2024-01-01T07:45,1,1,,,2681301,1247665
851,4249,2024-01-01T07:45,2,3,,,2682296,1248311
852,732,2024-01-01T07:45,0,1,,,2681319,1248665
853,4270,2024-01-01T07:45,1,0,,,2684006,1246566
854,1037,2024-01-01T07:45,3,1,,,2681339,1248647
855,3015,2024-01-01T07:45,,,1,0,2683023,1244140
856,3012,2024-01-01T07:45,1,0,,,2682647,1250364
857,3279,2024-01-01T07:45,,,2,3,2683437,1247199
858,4255,2024-01-01T07:45,0,0,,,2682881,1246549
859,3003,2024-01-01T07:45,0,3,,,2679767,1248986
860,4259,2024-01-01T07:45,1,0,,,2682375,1247055
861,2991,2024-01-01T07:45,0,1,,,2682756,1247323
862,5002,2024-01-01T07:45,0,0,,,2682873,1245891
863,4242,2024-01-01T07:45,0,0,,,2682337,1248451
864,4262,2024-01-01T07:45,0,0,,,2682731,1247708
865,2989,2024-01-01T08:00,3,0,,,2682278,1248324
866,732,2024-01-01T08:00,0,0,,,2681319,1248665
867,2993,2024-01-01T08:00,0,0,,,2683573,1248545
868,4262,2024-01-01T08:00,1,1,,,2682731,1247708
869,4242,2024-01-01T08:00,2,0,,,2682337,1248451
870,5002,2024-01-01T08:00,0,2,,,2682873,1245891
871,2991,2024-01-01T08:00,1,2,,,2682756,1247323
872,4259,2024-01-01T08:00,0,1,,,2682375,1247055
873,3003,2024-01-01T08:00,0,0,,,2679767,1248986
874,4255,2024-01-01T08:00,0,0,,,2682881,1246549
875,3279,2024-01-01T08:00,,,1,2,2683437,1247199
876,3012,2024-01-01T08:00,0,0,,,2682647,1250364
877,3015,2024-01-01T08:00,,,2,6,2683023,1244140
878,1037,2024-01-01T08:00,0,1,,,2681339,1248647
879,4270,2024-01-01T08:00,0,0,,,2684006,1246566
880,4249,2024-01-01T08:00,1,0,,,2682296,1248311
881,4266,2024-01-01T08:00,0,1,,,2681301,1247665
882,2986,2024-01-01T08:00,0,0,,,2684578,1251966
883,4269,2024-01-01T08:00,0,1,,,2682227,1244618
884,2997,2024-01-01T08:00,0,0,,,2682933,1248821
885,4263,2024-01-01T08:00,1,0,,,2683404,1251624
886,4257,2024-01-01T08:00,0,0,,,2681857,1251991
887,2982,2024-01-01T08:00,0,,,,2683447,1247063
888,4246,2024-01-01T08:00,,,1,0,2682147,1249212
889,4258,2024-01-01T08:00,1,,,,2682683,1250569
890,4241,2024-01-01T08:00,1,0,,,2682297,1248328
891,4267,2024-01-01T08:00,1,,,,2683457,1247065
892,732,2024-01-01T08:15,2,0,,,2681319,1248665
893,2989,2024-01-01T08:15,2,1,,,2682278,1248324
894,4249,2024-01-01T08:15,2,0,,,2682296,1248311
895,4255,2024-01-01T08:15,0,0,,,2682881,1246549
896,4266,2024-01-01T08:15,0,0,,,2681301,1247665
897,2991,2024-01-01T08:15,2,0,,,2682756,1247323
898,2986,2024-01-01T08:15,0,0,,,2684578,1251966
899,3279,2024-01-01T08:15,,,0,0,2683437,1247199
900,4269,2024-01-01T08:15,1,0,,,2682227,1244618
901,4262,2024-01-01T08:15,0,0,,,2682731,1247708
902,2997,2024-01-01T08:15,2,0,,,2682933,1248821
903,3012,2024-01-01T08:15,0,0,,,2682647,1250364
904,4263,2024-01-01T08:15,0,0,,,2683404,1251624
905,4259,2024-01-01T08:15,0,0,,,2682375,1247055
906,4257,2024-01-01T08:15,0,0,,,2681857,1251991
907,3015,2024-01-01T08:15,,,5,6,2683023,1244140
908,2982,2024-01-01T08:15,2,,,,2683447,1247063
909,5002,2024-01-01T08:15,1,0,,,2682873,1245891
910,4246,2024-01-01T08:15,,,3,2,2682147,1249212
911,1037,2024-01-01T08:15,2,0,,,2681339,1248647
912,4258,2024-01-01T08:15,0,,,,2682683,1250569
913,3003,2024-01-01T08:15,0,0,,,2679767,1248986
914,4241,2024-01-01T08:15,2,0,,,2682297,1248328
915,4270,2024-01-01T08:15,3,1,,,2684006,1246566
916,4267,2024-01-01T08:15,4,,,,2683457,1247065
917,4242,2024-01-01T08:15,1,0,,,2682337,1248451
918,2993,2024-01-01T08:15,0,1,,,2683573,1248545
919,2989,2024-01-01T08:30,1,0,,,2682278,1248324
920,4267,2024-01-01T08:30,4,,,,2683457,1247065
921,4241,2024-01-01T08:30,0,0,,,2682297,1248328
922,4258,2024-01-01T08:30,0,,,,2682683,1250569
923,4246,2024-01-01T08:30,,,2,1,2682147,1249212
924,2982,2024-01-01T08:30,1,,,,2683447,1247063
925,4257,2024-01-01T08:30,1,1,,,2681857,1251991
926,4263,2024-01-01T08:30,0,0,,,2683404,1251624
927,2997,2024-01-01T08:30,1,0,,,2682933,1248821
928,4269,2024-01-01T08:30,0,0,,,2682227,1244618
929,2986,2024-01-01T08:30,1,0,,,2684578,1251966
930,4266,2024-01-01T08:30,1,1,,,2681301,1247665
931,4249,2024-01-01T08:30,2,1,,,2682296,1248311
932,732,2024-01-01T08:30,0,0,,,2681319,1248665
933,4270,2024-01-01T08:30,0,3,,,2684006,1246566
934,1037,2024-01-01T08:30,3,3,,,2681339,1248647
935,3015,2024-01-01T08:30,,,3,2,2683023,1244140
936,3012,2024-01-01T08:30,1,1,,,2682647,1250364
937,3279,2024-01-01T08:30,,,2,2,2683437,1247199
938,4255,2024-01-01T08:30,0,0,,,2682881,1246549
939,3003,2024-01-01T08:30,1,1,,,2679767,1248986
940,4259,2024-01-01T08:30,0,0,,,2682375,1247055
941,2991,2024-01-01T08:30,1,0,,,2682756,1247323
942,5002,2024-01-01T08:30,3,0,,,2682873,1245891
943,4242,2024-01-01T08:30,1,0,,,2682337,1248451
944,4262,2024-01-01T08:30,0,1,,,2682731,1247708
945,2993,2024-01-01T08:30,1,0,,,2683573,1248545
946,2989,2024-01-01T08:45,1,5,,,2682278,1248324
947,2993,2024-01-01T08:45,0,0,,,2683573,1248545
948,4241,2024-01-01T08:45,2,0,,,2682297,1248328
949,4258,2024-01-01T08:45,0,,,,2682683,1250569
950,4246,2024-01-01T08:45,,,0,0,2682147,1249212
951,2982,2024-01-01T08:45,0,,,,2683447,1247063
952,4257,2024-01-01T08:45,0,0,,,2681857,1251991
953,4263,2024-01-01T08:45,0,0,,,2683404,1251624
954,2997,2024-01-01T08:45,3,1,,,2682933,1248821
955,4269,2024-01-01T08:45,0,0,,,2682227,1244618
956,2986,2024-01-01T08:45,0,1,,,2684578,1251966
957,4266,2024-01-01T08:45,0,0,,,2681301,1247665
958,4249,2024-01-01T08:45,7,1,,,2682296,1248311
959,732,2024-01-01T08:45,1,0,,,2681319,1248665
960,4270,2024-01-01T08:45,1,2,,,2684006,1246566
961,1037,2024-01-01T08:45,1,0,,,2681339,1248647
962,3015,2024-01-01T08:45,,,1,1,2683023,1244140
963,3012,2024-01-01T08:45,0,0,,,2682647,1250364
964,3279,2024-01-01T08:45,,,8,1,2683437,1247199
965,4255,2024-01-01T08:45,0,0,,,2682881,1246549
966,3003,2024-01-01T08:45,0,0,,,2679767,1248986
967,4259,2024-01-01T08:45,0,0,,,2682375,1247055
968,2991,2024-01-01T08:45,0,2,,,2682756,1247323
969,5002,2024-01-01T08:45,0,1,,,2682873,1245891
970,4242,2024-01-01T08:45,0,0,,,2682337,1248451
971,4262,2024-01-01T08:45,1,0,,,2682731,1247708
972,4267,2024-01-01T08:45,5,,,,2683457,1247065
973,2993,2024-01-01T09:00,2,0,,,2683573,1248545
974,732,2024-01-01T09:00,1,3,,,2681319,1248665
975,4267,2024-01-01T09:00,4,,,,2683457,1247065
976,4262,2024-01-01T09:00,2,0,,,2682731,1247708
977,4242,2024-01-01T09:00,0,0,,,2682337,1248451
978,5002,2024-01-01T09:00,1,1,,,2682873,1245891
979,2991,2024-01-01T09:00,2,0,,,2682756,1247323
980,4259,2024-01-01T09:00,1,1,,,2682375,1247055
981,3003,2024-01-01T09:00,1,1,,,2679767,1248986
982,4255,2024-01-01T09:00,0,0,,,2682881,1246549
983,3279,2024-01-01T09:00,,,2,1,2683437,1247199
984,3012,2024-01-01T09:00,0,0,,,2682647,1250364
985,3015,2024-01-01T09:00,,,0,3,2683023,1244140
986,1037,2024-01-01T09:00,0,0,,,2681339,1248647
987,4270,2024-01-01T09:00,0,0,,,2684006,1246566
988,4249,2024-01-01T09:00,1,0,,,2682296,1248311
989,4266,2024-01-01T09:00,1,1,,,2681301,1247665
990,2986,2024-01-01T09:00,0,0,,,2684578,1251966
991,4269,2024-01-01T09:00,0,0,,,2682227,1244618
992,2997,2024-01-01T09:00,0,1,,,2682933,1248821
993,4263,2024-01-01T09:00,0,0,,,2683404,1251624
994,4257,2024-01-01T09:00,0,0,,,2681857,1251991
995,2982,2024-01-01T09:00,0,,,,2683447,1247063
996,4246,2024-01-01T09:00,,,0,0,2682147,1249212
997,4258,2024-01-01T09:00,1,,,,2682683,1250569
998,4241,2024-01-01T09:00,0,1,,,2682297,1248328
999,2989,2024-01-01T09:00,1,0,,,2682278,1248324
1000,732,2024-01-01T09:15,0,0,,,2681319,1248665
